math, Minor_in_Math, bam
appMath, Minor_in_Applied_Math, bam
compSci, Minor_in_Computer_Science, bam
csInfo, Minor_in_Computer_Science_Informatics, bam
math, Minor_in_Math, bsm
appMath, Minor_in_Applied_Math, bsm
compSci, Minor_in_Computer_Science, bsm
csInfo, Minor_in_Computer_Science_Informatics, bsm
math, Minor_in_Math, bsam,
appMath, Minor_in_Applied_Math, bsam
compSci, Minor_in_Computer_Science, bsam
csInfo, Minor_in_Computer_Science_Informatics, bsam
math, Minor_in_Math, bacs
appMath, Minor_in_Applied_Math, bacs
compSci, Minor_in_Computer_Science, bacs
csInfo, Minor_in_Computer_Science_Informatics, bacs
math, Minor_in_Math, bscs
appMath, Minor_in_Applied_Math, bscs
compSci, Minor_in_Computer_Science, bscs
csInfo, Minor_in_Computer_Science_Informatics, bscs
math, Minor_in_Math, bscsm
appMath, Minor_in_Applied_Math, bscsm
compSci, Minor_in_Computer_Science, bscsm
csInfo, Minor_in_Computer_Science_Informatics, bscsm
